ODO (mg/L),Temperature (C),Total Water Column (m),latitude,longitude,pH
3.04,29.20000076,3.69,25.91278877,-80.1377937,8.2
3.02,29.20000076,3.67,25.9127901,-80.13778892,8.2
3.02,29.20000076,3.64,25.91279088,-80.13778319,8.2
3.02,29.20000076,3.64,25.91279156,-80.13777776,8.2
3.02,29.20000076,3.66,25.9127913,-80.137772,8.19
3.02,29.20000076,3.55,25.91279079,-80.13776579,8.19
3.01,29.20000076,3.55,25.91278973,-80.13775908,8.19
3.01,29.20000076,3.56,25.912788,-80.13775251,8.19
3.01,29.20000076,3.52,25.91278554,-80.13774575,8.19
3.0,29.10000038,3.49,25.91278286,-80.13773791,8.19
2.96,29.10000038,3.48,25.91278032,-80.13773124,8.18
2.94,29.10000038,3.48,25.9127771,-80.13772492,8.18
2.93,29.10000038,3.48,25.91277349,-80.13771817,8.18
2.93,29.10000038,3.47,25.91276993,-80.13771191,8.18
2.91,29.10000038,3.49,25.912766,-80.13770513,8.18
2.85,29.10000038,3.49,25.91276244,-80.13769972,8.18
2.85,29.10000038,3.49,25.91275864,-80.13769325,8.18
2.83,29.10000038,3.49,25.91275516,-80.1376876,8.18
2.78,29.10000038,3.48,25.91275163,-80.13768169,8.17
2.78,29.10000038,3.49,25.91274824,-80.13767563,8.17
2.75,29.10000038,3.48,25.91274444,-80.13766998,8.18
2.7,29.0,3.48,25.91274077,-80.13766368,8.18
2.7,29.0,3.47,25.9127381,-80.13765842,8.18
2.67,29.0,3.44,25.91273564,-80.13765246,8.17
2.65,29.0,3.43,25.91273325,-80.13764644,8.17
2.59,29.0,3.38,25.91273095,-80.13764016,8.18
2.59,29.0,3.33,25.91272877,-80.13763429,8.18
2.58,29.0,3.3,25.91272701,-80.13762907,8.18
2.53,29.0,3.28,25.9127254,-80.13762315,8.17
2.53,29.0,3.25,25.91272364,-80.13761766,8.17
2.52,29.0,3.25,25.9127222,-80.13761195,8.17
2.5,29.0,3.22,25.91272109,-80.1376052,8.17
2.47,29.0,3.17,25.91272019,-80.13759943,8.18
2.47,29.0,3.13,25.91271927,-80.13759455,8.18
2.46,29.0,3.1,25.9127192,-80.13758866,8.18
2.43,29.0,3.06,25.91271884,-80.13758311,8.17
2.43,29.0,3.04,25.91271829,-80.13757737,8.17
2.42,29.0,3.02,25.91271748,-80.13757236,8.17
2.42,29.0,2.99,25.91271614,-80.13756778,8.18
2.42,29.0,2.97,25.9127155,-80.13756268,8.18
2.42,29.0,2.96,25.91271468,-80.13755713,8.18
2.43,28.89999962,2.9,25.91271323,-80.13755222,8.19
2.43,28.89999962,2.82,25.9127117,-80.13754749,8.18
2.46,29.0,2.76,25.91271003,-80.13754305,8.18
2.46,29.0,2.66,25.91270844,-80.13753714,8.18
2.48,28.89999962,2.57,25.9127071,-80.13753181,8.19
2.52,29.0,2.52,25.91270517,-80.13752756,8.19
2.52,29.0,2.44,25.91270232,-80.13752226,8.19
2.54,28.89999962,2.43,25.91270005,-80.13751799,8.19
2.58,29.0,2.36,25.91269754,-80.13751368,8.19
2.58,29.0,2.31,25.91269467,-80.13750967,8.19
2.6,29.0,2.28,25.9126917,-80.13750565,8.19
2.62,29.0,2.27,25.91268853,-80.13750088,8.19
2.65,29.0,2.24,25.91268539,-80.13749721,8.19
2.65,29.0,2.27,25.912682,-80.13749363,8.19
2.68,29.0,2.26,25.91267777,-80.13749091,8.19
2.68,29.0,2.25,25.91267359,-80.13748772,8.19
2.7,29.0,2.26,25.91266936,-80.13748466,8.19
2.72,28.89999962,2.27,25.91266479,-80.13748278,8.19
2.72,28.89999962,2.32,25.91266134,-80.13747812,8.19
2.73,28.89999962,2.29,25.91265685,-80.13747537,8.19
2.76,28.89999962,2.31,25.91265429,-80.13747014,8.19
2.77,28.89999962,2.38,25.91265162,-80.13746448,8.19
2.77,28.89999962,2.39,25.91264886,-80.1374587,8.19
2.78,28.89999962,2.46,25.91264399,-80.13745861,8.19
2.81,28.89999962,2.53,25.91263739,-80.13745695,8.19
2.81,28.89999962,2.6,25.91263293,-80.1374548,8.19
2.82,28.89999962,2.62,25.91262875,-80.13745123,8.19
2.84,28.89999962,2.66,25.91262433,-80.1374505,8.2
2.84,28.89999962,2.74,25.91262033,-80.1374495,8.2
2.85,28.89999962,2.76,25.91261633,-80.137449,8.19
2.86,28.89999962,2.81,25.9126125,-80.13745033,8.19
2.86,28.89999962,2.86,25.91260833,-80.13745383,8.19
2.89,28.89999962,2.88,25.91260433,-80.13745583,8.19
2.91,28.89999962,2.98,25.91260017,-80.13745783,8.19
2.91,28.89999962,3.04,25.91259551,-80.13745743,8.19
2.91,28.89999962,3.09,25.91259183,-80.13745667,8.19
2.93,28.89999962,3.12,25.91258783,-80.137458,8.19
2.93,28.89999962,3.16,25.91258298,-80.13746014,8.19
2.93,29.0,3.21,25.91257885,-80.13746248,8.19
2.93,29.0,3.26,25.91257538,-80.13746384,8.19
2.93,28.89999962,3.32,25.91257148,-80.13746385,8.19
2.92,28.89999962,3.32,25.91256755,-80.13746334,8.19
2.93,29.0,3.34,25.91256338,-80.13746235,8.19
2.93,29.0,3.38,25.91255904,-80.13746203,8.19
2.93,29.0,3.41,25.91255429,-80.13746241,8.19
2.94,29.0,3.42,25.91255027,-80.13746361,8.19
2.95,28.89999962,3.44,25.91254627,-80.13746414,8.19
2.96,28.89999962,3.48,25.91254231,-80.13746477,8.19
2.96,29.0,3.47,25.91253798,-80.13746678,8.19
2.96,28.89999962,3.49,25.91253326,-80.13746839,8.19
2.95,28.89999962,3.5,25.91252909,-80.13746976,8.19
2.95,28.89999962,3.48,25.91252515,-80.13747182,8.19
2.93,28.89999962,3.58,25.91252122,-80.13747164,8.18
2.92,28.89999962,3.61,25.91251676,-80.13747345,8.19
2.9,28.89999962,3.62,25.9125128,-80.13747569,8.18
2.89,28.89999962,3.63,25.91250903,-80.13747781,8.18
2.87,28.89999962,3.67,25.91250525,-80.13748032,8.18
2.85,28.89999962,3.67,25.91250172,-80.13748266,8.18
2.83,28.89999962,3.67,25.91249732,-80.13748617,8.18
2.81,28.89999962,3.69,25.91249315,-80.13748901,8.18
2.79,28.89999962,3.72,25.91248922,-80.13749115,8.18
2.77,28.89999962,3.74,25.91248514,-80.13749252,8.17
2.76,28.89999962,3.72,25.91248147,-80.13749534,8.18
2.73,28.89999962,3.74,25.91247724,-80.13749852,8.18
2.72,28.89999962,3.78,25.91247291,-80.13750119,8.18
2.7,28.89999962,3.81,25.91246879,-80.13750206,8.18
2.68,28.89999962,3.83,25.91246446,-80.13750341,8.18
2.66,28.89999962,3.86,25.91246039,-80.13750437,8.17
2.65,28.89999962,3.85,25.91245577,-80.13750728,8.18
2.64,28.89999962,3.86,25.91245139,-80.13751031,8.18
2.62,28.89999962,3.87,25.91244727,-80.13751386,8.18
2.61,28.89999962,3.9,25.91244398,-80.13751634,8.18
2.59,28.89999962,3.88,25.91244066,-80.13751886,8.17
2.59,28.89999962,3.88,25.91243719,-80.13752157,8.18
2.57,28.89999962,3.91,25.91243307,-80.13752429,8.18
2.57,28.89999962,3.91,25.91242965,-80.13752733,8.18
2.56,28.89999962,3.87,25.91242632,-80.13753045,8.18
2.55,28.89999962,3.87,25.91242308,-80.13753327,8.18
2.55,28.89999962,3.86,25.91242004,-80.13753639,8.18
2.55,28.89999962,3.86,25.91241749,-80.13753918,8.18
2.55,28.89999962,3.88,25.91241467,-80.13754235,8.18
2.55,28.89999962,3.86,25.91241158,-80.13754564,8.19
2.55,28.89999962,3.84,25.91240907,-80.13754885,8.18
2.56,28.89999962,3.84,25.91240653,-80.13755156,8.18
2.56,28.89999962,3.82,25.91240419,-80.13755523,8.18
2.56,28.89999962,3.8,25.91240179,-80.1375583,8.19
2.57,28.89999962,3.79,25.91239846,-80.13756212,8.19
2.58,28.89999962,3.79,25.91239573,-80.13756492,8.19
2.59,28.89999962,3.77,25.91239333,-80.13756833,8.19
2.6,28.89999962,3.73,25.91239098,-80.13757167,8.19
2.61,28.89999962,3.72,25.91238858,-80.13757525,8.19
2.62,28.89999962,3.71,25.91238589,-80.13757866,8.19
2.63,28.89999962,3.69,25.91238303,-80.13758168,8.19
2.64,28.89999962,3.67,25.9123806,-80.13758524,8.19
2.65,28.89999962,3.63,25.91237871,-80.13758902,8.19
2.66,28.89999962,3.61,25.91237624,-80.13759264,8.19
2.67,28.89999962,3.56,25.91237365,-80.13759599,8.19
2.69,28.89999962,3.51,25.91237059,-80.13759911,8.19
2.71,28.89999962,3.51,25.91236755,-80.13760169,8.19
2.71,28.89999962,3.47,25.91236425,-80.13760419,8.19
2.73,28.89999962,3.45,25.91236118,-80.1376062,8.19
2.75,28.89999962,3.44,25.91235767,-80.13760796,8.19
2.77,28.89999962,3.42,25.91235364,-80.1376096,8.2
2.78,28.89999962,3.42,25.91234961,-80.13761118,8.2
2.79,28.89999962,3.4,25.91234583,-80.13761227,8.19
2.81,28.89999962,3.38,25.9123414,-80.13761304,8.19
2.82,28.89999962,3.36,25.91233692,-80.13761362,8.19
2.84,28.89999962,3.35,25.9123326,-80.13761417,8.2
2.86,28.89999962,3.33,25.91232795,-80.13761393,8.2
2.88,28.89999962,3.32,25.91232345,-80.13761386,8.2
2.88,28.89999962,3.29,25.91231861,-80.13761349,8.19
2.89,28.89999962,3.27,25.91231396,-80.13761289,8.2
2.91,28.89999962,3.28,25.91230943,-80.13761218,8.2
2.91,28.89999962,3.3,25.91230428,-80.13761115,8.2
2.93,28.89999962,3.29,25.91229948,-80.13760972,8.2
2.93,28.89999962,3.25,25.91229529,-80.13760896,8.2
2.95,28.89999962,3.23,25.91229075,-80.13760752,8.2
2.95,28.89999962,3.24,25.91228563,-80.13760577,8.19
2.96,28.89999962,3.23,25.91228077,-80.13760412,8.2
2.97,28.89999962,3.22,25.91227611,-80.13760263,8.2
2.98,28.89999962,3.2,25.91227163,-80.13760104,8.2
2.99,28.89999962,3.21,25.91226673,-80.13759952,8.2
2.99,28.89999962,3.22,25.91226191,-80.13759823,8.2
3.0,28.89999962,3.22,25.91225756,-80.13759652,8.19
3.02,28.89999962,3.24,25.91225361,-80.13759471,8.2
3.02,28.89999962,3.23,25.91224903,-80.13759159,8.2
3.02,28.89999962,3.23,25.91224582,-80.13758893,8.2
3.03,28.89999962,3.21,25.91224252,-80.13758574,8.2
3.03,28.89999962,3.21,25.91223922,-80.13758183,8.2
3.02,28.89999962,3.26,25.91223601,-80.1375775,8.2
3.03,28.89999962,3.31,25.91223286,-80.13757367,8.2
3.03,28.89999962,3.35,25.91222976,-80.13756955,8.2
3.04,28.89999962,3.35,25.91222737,-80.1375657,8.2
3.04,28.89999962,3.36,25.9122246,-80.1375619,8.2
3.04,28.89999962,3.39,25.91222185,-80.13755743,8.2
3.04,28.89999962,3.4,25.9122192,-80.13755315,8.2
3.03,28.89999962,3.4,25.91221667,-80.1375487,8.2
3.04,28.89999962,3.45,25.91221425,-80.13754457,8.2
3.03,28.89999962,3.45,25.91221187,-80.13754041,8.2
3.02,28.89999962,3.46,25.91220953,-80.13753497,8.2
3.02,28.89999962,3.5,25.91220774,-80.13752948,8.2
3.03,28.89999962,3.52,25.91220604,-80.13752475,8.2
3.02,28.89999962,3.54,25.91220408,-80.13751913,8.2
3.01,28.89999962,3.55,25.91220262,-80.13751408,8.19
3.01,28.89999962,3.56,25.91220091,-80.13750925,8.2
3.01,28.89999962,3.58,25.91219925,-80.13750405,8.2
3.01,28.89999962,3.62,25.91219773,-80.13749891,8.2
3.01,28.89999962,3.64,25.91219605,-80.13749352,8.2
3.01,28.89999962,3.67,25.91219388,-80.13748812,8.2
3.01,28.89999962,3.68,25.91219259,-80.13748298,8.2
3.01,28.89999962,3.68,25.91219073,-80.13747711,8.19
3.0,28.89999962,3.72,25.91218891,-80.13747208,8.2
3.0,28.89999962,3.75,25.91218755,-80.13746686,8.2
3.0,28.89999962,3.77,25.91218613,-80.13746184,8.2
3.0,28.89999962,3.8,25.91218448,-80.13745718,8.19
3.0,28.89999962,3.83,25.91218352,-80.13745237,8.19
3.0,28.89999962,3.85,25.91218172,-80.13744692,8.19
2.97,28.89999962,3.86,25.91218036,-80.1374415,8.19
2.97,28.89999962,3.89,25.91217918,-80.13743662,8.19
2.96,28.89999962,3.9,25.91217815,-80.13743174,8.18
2.92,28.89999962,3.92,25.91217716,-80.13742654,8.18
2.92,28.89999962,3.94,25.91217583,-80.1374211,8.18
2.87,28.89999962,3.94,25.91217495,-80.13741522,8.19
2.87,28.89999962,3.95,25.91217417,-80.13740993,8.19
2.87,28.89999962,3.97,25.91217302,-80.13740479,8.19
2.84,28.89999962,4.01,25.91217209,-80.13739944,8.18
2.84,28.89999962,4.02,25.91217145,-80.13739385,8.18
2.82,28.89999962,4.01,25.91217089,-80.13738794,8.19
2.79,28.89999962,4.0,25.91216978,-80.13738289,8.19
2.79,28.89999962,4.01,25.91216919,-80.13737799,8.19
2.77,28.89999962,4.05,25.91216865,-80.13737306,8.18
2.75,28.79999924,4.14,25.91216804,-80.13736767,8.19
2.75,28.79999924,4.13,25.91216742,-80.1373627,8.19
2.75,28.79999924,4.1,25.91216721,-80.13735723,8.19
2.74,28.79999924,4.08,25.91216719,-80.13735181,8.19
2.74,28.79999924,4.09,25.91216754,-80.13734685,8.19
2.73,28.79999924,4.08,25.91216755,-80.13734201,8.19
2.73,28.79999924,4.07,25.91216749,-80.13733669,8.19
2.73,28.79999924,4.08,25.91216754,-80.13733172,8.19
2.73,28.79999924,4.04,25.91216804,-80.13732594,8.19
2.72,28.79999924,4.06,25.91216808,-80.1373207,8.19
2.72,28.79999924,4.04,25.91216796,-80.13731615,8.19
2.72,28.79999924,4.05,25.91216727,-80.13731037,8.19
2.7,28.79999924,4.02,25.91216681,-80.13730409,8.19
2.7,28.79999924,4.04,25.91216556,-80.13729847,8.19
2.7,28.79999924,3.98,25.91216486,-80.13729433,8.19
2.71,28.79999924,4.0,25.91216418,-80.13728893,8.19
2.71,28.79999924,3.99,25.91216334,-80.13728298,8.19
2.71,28.79999924,3.98,25.91216214,-80.1372778,8.2
2.72,28.79999924,3.96,25.91216106,-80.13727196,8.2
2.72,28.79999924,3.94,25.91216058,-80.13726658,8.2
2.73,28.79999924,3.92,25.91216005,-80.13726161,8.19
2.74,28.79999924,3.96,25.91215942,-80.13725592,8.2
2.74,28.79999924,4.02,25.91215859,-80.13725083,8.2
2.74,28.79999924,3.92,25.91215756,-80.13724541,8.2
2.77,28.79999924,3.91,25.9121565,-80.13724022,8.19
2.78,28.79999924,3.87,25.91215539,-80.13723511,8.2
2.78,28.79999924,3.9,25.91215424,-80.13722972,8.2
2.8,28.79999924,3.84,25.91215329,-80.13722395,8.2
2.82,28.79999924,3.81,25.91215211,-80.1372184,8.19
2.82,28.79999924,3.82,25.91215078,-80.13721297,8.19
2.83,28.79999924,3.8,25.91214933,-80.13720841,8.2
2.85,28.79999924,3.77,25.91214781,-80.13720373,8.2
2.85,28.79999924,3.75,25.91214647,-80.13719915,8.2
2.86,28.79999924,3.72,25.91214502,-80.13719456,8.2
2.88,28.79999924,3.69,25.91214363,-80.13719035,8.2
2.9,28.79999924,3.7,25.91214187,-80.13718583,8.19
2.91,28.79999924,3.68,25.91214014,-80.13718243,8.2
2.91,28.79999924,3.64,25.91213797,-80.1371786,8.2
2.92,28.79999924,3.65,25.91213537,-80.13717358,8.2
2.95,28.79999924,3.63,25.91213308,-80.13716928,8.19
2.95,28.79999924,3.63,25.91213062,-80.13716574,8.19
2.96,28.79999924,3.61,25.91212794,-80.13716168,8.19
2.98,28.79999924,3.59,25.91212518,-80.13715821,8.2
3.0,28.79999924,3.57,25.91212222,-80.13715437,8.2
3.0,28.79999924,3.57,25.91211981,-80.13715042,8.2
3.02,28.79999924,3.56,25.91211744,-80.13714613,8.2
3.02,28.79999924,3.55,25.91211473,-80.13714189,8.2
3.03,28.70000076,3.54,25.91211194,-80.13713802,8.2
3.03,28.70000076,3.55,25.91210905,-80.13713376,8.2
3.07,28.70000076,3.53,25.91210607,-80.13712933,8.2
3.07,28.70000076,3.51,25.91210349,-80.13712496,8.2
3.08,28.70000076,3.51,25.91210112,-80.13712063,8.2
3.11,28.70000076,3.49,25.91209837,-80.13711618,8.21
3.12,28.70000076,3.54,25.91209523,-80.13711231,8.21
3.13,28.70000076,3.52,25.91209255,-80.13710788,8.2
3.13,28.70000076,3.53,25.91208997,-80.13710366,8.2
3.13,28.60000038,3.49,25.91208745,-80.13709908,8.2
3.14,28.60000038,3.48,25.91208529,-80.1370946,8.2
3.16,28.60000038,3.47,25.91208273,-80.13709001,8.21
3.18,28.60000038,3.44,25.91208049,-80.13708597,8.21
3.19,28.60000038,3.42,25.91207763,-80.13708146,8.2
3.22,28.60000038,3.41,25.91207518,-80.13707773,8.21
3.22,28.60000038,3.41,25.91207262,-80.13707442,8.21
3.22,28.60000038,3.42,25.91206996,-80.137071,8.21
3.24,28.60000038,3.41,25.91206717,-80.13706837,8.2
3.25,28.60000038,3.39,25.91206421,-80.13706613,8.21
3.25,28.60000038,3.39,25.91206082,-80.13706368,8.21
3.26,28.60000038,3.44,25.91205706,-80.13706176,8.2
3.28,28.60000038,3.45,25.91205389,-80.13705978,8.21
3.28,28.60000038,3.47,25.9120506,-80.137058,8.21
3.31,28.5,3.47,25.91204692,-80.13705668,8.2
3.32,28.5,3.5,25.91204268,-80.13705551,8.21
3.32,28.5,3.51,25.91203873,-80.13705489,8.21
3.36,28.5,3.52,25.91203517,-80.13705417,8.21
3.36,28.5,3.53,25.91203068,-80.13705296,8.2
3.37,28.5,3.56,25.91202701,-80.13705264,8.2
3.37,28.5,3.57,25.91202324,-80.13705267,8.21
3.38,28.5,3.59,25.91201934,-80.13705305,8.21
3.39,28.5,3.62,25.91201521,-80.1370538,8.21
3.4,28.5,3.65,25.91201208,-80.1370544,8.21
3.41,28.5,3.67,25.91200826,-80.13705576,8.2
3.41,28.5,3.68,25.91200423,-80.13705759,8.2
3.41,28.5,3.7,25.91200068,-80.13705885,8.21
3.41,28.5,3.71,25.91199719,-80.13706031,8.2
3.41,28.5,3.75,25.91199341,-80.13706172,8.2
3.41,28.5,3.77,25.91198992,-80.1370631,8.19
3.4,28.5,3.8,25.91198668,-80.13706456,8.2
3.4,28.5,3.82,25.91198302,-80.13706674,8.2
3.39,28.5,3.87,25.91197874,-80.13706938,8.2
3.38,28.5,3.89,25.91197517,-80.13707246,8.19
3.36,28.5,3.93,25.91197156,-80.13707518,8.19
3.35,28.5,3.95,25.91196804,-80.13707787,8.2
3.36,28.5,3.95,25.91196468,-80.13708002,8.2
3.36,28.5,3.96,25.91196088,-80.13708289,8.19
3.36,28.5,3.98,25.91195735,-80.13708506,8.2
3.35,28.5,3.99,25.911954,-80.13708807,8.19
3.34,28.60000038,4.03,25.91195016,-80.13709139,8.19
3.35,28.60000038,4.12,25.9119459,-80.13709443,8.2
3.34,28.60000038,4.17,25.91194226,-80.13709781,8.2
3.34,28.60000038,4.17,25.9119388,-80.13710104,8.19
3.32,28.60000038,4.19,25.91193516,-80.13710397,8.19
3.31,28.60000038,4.2,25.91193194,-80.13710686,8.2
3.32,28.60000038,4.2,25.91192771,-80.13711019,8.2
3.3,28.60000038,4.21,25.91192398,-80.1371134,8.19
3.29,28.60000038,4.26,25.91192051,-80.13711684,8.19
3.27,28.60000038,4.24,25.91191667,-80.13712029,8.2
3.27,28.60000038,4.27,25.91191302,-80.1371235,8.19
3.26,28.60000038,4.33,25.91190951,-80.13712687,8.19
3.26,28.60000038,4.26,25.91190584,-80.13713057,8.19
3.25,28.60000038,4.27,25.91190184,-80.13713374,8.19
3.24,28.70000076,4.29,25.91189765,-80.13713687,8.19
3.24,28.70000076,4.31,25.91189444,-80.13714007,8.19
3.22,28.70000076,4.37,25.91189078,-80.13714337,8.19
3.19,28.70000076,4.34,25.91188705,-80.13714672,8.19
3.19,28.70000076,4.29,25.91188355,-80.13714956,8.19
3.17,28.70000076,4.3,25.91188022,-80.137153,8.19
3.16,28.70000076,4.34,25.91187631,-80.13715661,8.2
3.16,28.70000076,4.32,25.91187247,-80.1371599,8.2
3.16,28.70000076,4.31,25.91186879,-80.13716287,8.19
3.14,28.70000076,4.29,25.91186538,-80.13716568,8.2
3.12,28.70000076,4.3,25.91186208,-80.13716857,8.2
3.12,28.70000076,4.32,25.91185806,-80.13717148,8.2
3.12,28.70000076,4.32,25.9118547,-80.13717423,8.2
3.1,28.70000076,4.28,25.91185079,-80.13717723,8.2
3.1,28.70000076,4.34,25.91184683,-80.13717981,8.2
3.11,28.70000076,4.28,25.9118433,-80.13718238,8.2
3.08,28.70000076,4.3,25.91183938,-80.13718514,8.2
3.08,28.70000076,4.28,25.91183551,-80.137188,8.2
3.08,28.70000076,4.24,25.91183186,-80.13719104,8.2
3.08,28.70000076,4.2,25.91182799,-80.13719506,8.2
3.08,28.70000076,4.13,25.91182548,-80.13719815,8.2
3.08,28.70000076,4.19,25.91182238,-80.13720211,8.2
3.06,28.70000076,4.2,25.91181952,-80.13720597,8.2
3.06,28.70000076,4.21,25.91181689,-80.13720928,8.2
3.06,28.70000076,4.21,25.91181378,-80.13721331,8.2
3.05,28.70000076,4.2,25.9118107,-80.13721666,8.2
3.05,28.70000076,4.2,25.91180772,-80.13722052,8.2
3.04,28.70000076,4.14,25.91180499,-80.13722425,8.2
3.02,28.70000076,4.11,25.91180226,-80.13722825,8.2
3.02,28.70000076,4.11,25.91179925,-80.13723298,8.2
3.01,28.70000076,4.07,25.91179683,-80.13723689,8.2
3.0,28.70000076,4.01,25.91179428,-80.13724136,8.2
3.0,28.70000076,4.01,25.91179168,-80.13724509,8.2
2.99,28.70000076,3.99,25.91178896,-80.1372493,8.2
2.99,28.70000076,3.97,25.91178666,-80.13725323,8.2
2.98,28.70000076,3.96,25.91178436,-80.13725725,8.2
2.98,28.70000076,3.93,25.91178151,-80.13726151,8.2
2.97,28.70000076,3.87,25.9117788,-80.13726577,8.2
2.96,28.70000076,3.86,25.91177636,-80.13726945,8.2
2.96,28.70000076,3.83,25.91177398,-80.13727342,8.2
2.94,28.70000076,3.81,25.91177098,-80.13727759,8.21
2.94,28.70000076,3.78,25.91176757,-80.13728189,8.2
2.94,28.70000076,3.8,25.91176411,-80.13728554,8.2
2.93,28.70000076,3.76,25.91176117,-80.13728914,8.2
2.91,28.70000076,3.75,25.91175787,-80.1372929,8.2
2.91,28.70000076,3.71,25.91175436,-80.13729623,8.2
2.91,28.70000076,3.68,25.91175062,-80.13729992,8.2
2.91,28.70000076,3.63,25.91174695,-80.13730351,8.2
2.91,28.70000076,3.58,25.9117432,-80.13730744,8.2
2.91,28.70000076,3.54,25.91174004,-80.13731101,8.2
2.91,28.70000076,3.55,25.91173609,-80.13731526,8.2
2.92,28.70000076,3.52,25.91173216,-80.1373194,8.21
2.92,28.70000076,3.43,25.91172891,-80.13732301,8.21
2.93,28.79999924,3.43,25.91172587,-80.1373269,8.21
2.93,28.79999924,3.38,25.91172271,-80.13733066,8.21
2.93,28.79999924,3.34,25.91171893,-80.13733454,8.21
2.94,28.79999924,3.3,25.91171567,-80.13733786,8.2
2.95,28.79999924,3.26,25.91171222,-80.13734126,8.2
2.95,28.79999924,3.25,25.91170773,-80.13734524,8.2
2.96,28.79999924,3.2,25.9117038,-80.13734867,8.21
2.98,28.79999924,3.12,25.91170017,-80.13735213,8.2
2.98,28.79999924,3.04,25.91169651,-80.13735532,8.2
2.99,28.79999924,2.95,25.91169325,-80.13735804,8.2
3.01,28.79999924,2.78,25.91168903,-80.13736093,8.21
3.02,28.79999924,2.63,25.91168499,-80.13736404,8.22
3.02,28.79999924,2.44,25.91168159,-80.13736678,8.22
3.04,28.79999924,2.21,25.91167756,-80.13736893,8.21
3.07,28.79999924,2.04,25.91167344,-80.13737122,8.21
3.07,28.79999924,1.98,25.91166936,-80.13737255,8.21
3.09,28.79999924,1.86,25.91166468,-80.13737345,8.21
3.12,28.79999924,1.77,25.91165987,-80.13737384,8.21
3.12,28.79999924,1.7,25.91165577,-80.13737421,8.21
3.14,28.79999924,1.66,25.91165142,-80.13737391,8.22
3.16,28.79999924,1.58,25.91164678,-80.13737357,8.21
3.21,28.79999924,1.6,25.91164218,-80.13737322,8.21
3.21,28.79999924,1.52,25.91163734,-80.13737262,8.21
3.22,28.79999924,1.51,25.91163237,-80.13737135,8.21
3.23,28.79999924,1.51,25.91162771,-80.13737025,8.21
3.23,28.79999924,1.5,25.9116231,-80.13736896,8.21
3.25,28.79999924,1.54,25.91161844,-80.13736743,8.22
3.27,28.79999924,1.49,25.91161349,-80.13736533,8.21
3.27,28.79999924,1.43,25.91160885,-80.13736358,8.21
3.28,28.89999962,1.43,25.9116042,-80.13736174,8.21
3.29,28.79999924,1.49,25.91159966,-80.1373593,8.21
3.31,28.89999962,1.48,25.91159558,-80.13735734,8.21
3.31,28.89999962,1.46,25.91159142,-80.13735522,8.21
3.3,28.79999924,1.52,25.9115872,-80.13735225,8.21
3.32,28.89999962,1.6,25.91158217,-80.13735017,8.21
3.32,28.89999962,1.66,25.91157867,-80.13734667,8.21
3.31,28.89999962,1.74,25.91157492,-80.13734249,8.21
3.31,28.79999924,1.9,25.9115717,-80.13733843,8.21
3.3,28.89999962,1.97,25.91156973,-80.13733243,8.21
3.32,28.89999962,2.07,25.9115671,-80.13732767,8.21
3.31,28.89999962,2.14,25.91156445,-80.13732281,8.22
3.3,28.89999962,2.32,25.91156176,-80.13731807,8.21
3.29,28.89999962,2.53,25.91155894,-80.13731357,8.21
3.28,28.89999962,2.64,25.91155629,-80.13730807,8.21
3.29,28.89999962,2.83,25.91155394,-80.13730277,8.21
3.29,28.89999962,2.97,25.91155164,-80.13729762,8.21
3.28,28.89999962,3.07,25.91154969,-80.13729313,8.22
3.29,28.89999962,3.12,25.91154786,-80.13728793,8.21
3.29,28.89999962,3.21,25.91154569,-80.13728221,8.21
3.29,28.89999962,3.24,25.91154407,-80.13727672,8.2
3.28,28.89999962,3.29,25.91154278,-80.13727122,8.21
3.29,28.89999962,3.35,25.91154127,-80.13726571,8.21
3.29,28.89999962,3.36,25.91153994,-80.13726055,8.21
3.28,28.89999962,3.4,25.91153865,-80.13725521,8.21
3.28,28.89999962,3.46,25.91153749,-80.13724986,8.21
3.28,28.89999962,3.51,25.91153614,-80.13724452,8.2
3.28,28.89999962,3.54,25.91153498,-80.13723919,8.21
3.27,28.89999962,3.57,25.91153395,-80.13723348,8.21
3.26,28.89999962,3.6,25.91153302,-80.1372278,8.21
3.26,28.89999962,3.62,25.91153212,-80.13722252,8.21
3.25,28.89999962,3.69,25.9115317,-80.13721695,8.2
3.24,28.89999962,3.73,25.91153091,-80.13721161,8.21
3.23,28.89999962,3.76,25.91153029,-80.13720653,8.21
3.23,28.89999962,3.79,25.91152997,-80.13720087,8.21
3.22,28.89999962,3.85,25.91152964,-80.13719531,8.2
3.21,28.89999962,3.84,25.91152882,-80.1371907,8.2
3.19,28.89999962,3.89,25.91152818,-80.13718553,8.21
3.18,28.79999924,3.93,25.9115277,-80.13718051,8.21
3.17,28.79999924,3.91,25.91152738,-80.13717502,8.21
3.16,28.79999924,3.86,25.9115268,-80.13716903,8.2
3.16,28.79999924,3.91,25.91152638,-80.13716424,8.2
3.14,28.79999924,3.98,25.91152652,-80.13715915,8.21
3.13,28.79999924,4.03,25.91152679,-80.13715459,8.21
3.13,28.79999924,4.04,25.91152754,-80.13714962,8.21
3.11,28.79999924,4.07,25.91152802,-80.13714458,8.21
3.09,28.79999924,4.11,25.91152844,-80.13713979,8.2
3.09,28.79999924,4.15,25.91152919,-80.13713384,8.2
3.08,28.79999924,4.15,25.91152948,-80.13712907,8.21
3.07,28.79999924,4.15,25.91152986,-80.1371235,8.21
3.07,28.79999924,4.19,25.91153077,-80.13711806,8.2
3.06,28.79999924,4.18,25.91153145,-80.13711258,8.2
3.05,28.79999924,4.21,25.91153195,-80.13710739,8.2
3.03,28.79999924,4.25,25.91153245,-80.13710267,8.2
3.03,28.79999924,4.26,25.91153334,-80.1370972,8.2
3.02,28.79999924,4.26,25.9115345,-80.13709216,8.2
3.01,28.79999924,4.3,25.91153574,-80.13708665,8.2
3.01,28.79999924,4.33,25.91153657,-80.13708165,8.2
3.0,28.79999924,4.36,25.91153752,-80.13707702,8.2
2.98,28.79999924,4.37,25.91153871,-80.13707128,8.2
2.98,28.79999924,4.35,25.91154001,-80.13706593,8.2
2.97,28.79999924,4.36,25.91154127,-80.13706033,8.2
2.96,28.79999924,4.39,25.91154268,-80.13705509,8.2
2.97,28.79999924,4.4,25.91154405,-80.1370503,8.2
2.97,28.79999924,4.44,25.91154568,-80.13704493,8.2
2.95,28.79999924,4.42,25.91154727,-80.13704038,8.2
2.93,28.79999924,4.42,25.9115487,-80.13703575,8.2
2.93,28.79999924,4.48,25.91155057,-80.13703095,8.2
2.92,28.79999924,4.53,25.91155284,-80.1370262,8.2
2.91,28.79999924,4.48,25.91155466,-80.13702176,8.2
2.91,28.79999924,4.4,25.91155661,-80.13701749,8.2
2.9,28.79999924,4.5,25.91155911,-80.13701298,8.2
2.89,28.79999924,4.48,25.91156114,-80.13700873,8.2
2.88,28.79999924,4.45,25.91156362,-80.13700433,8.2
2.88,28.79999924,4.48,25.91156619,-80.13700053,8.2
2.87,28.79999924,4.52,25.91156905,-80.13699639,8.2
2.87,28.79999924,4.49,25.91157155,-80.13699265,8.2
2.87,28.79999924,4.49,25.91157438,-80.13698923,8.2
2.87,28.79999924,4.48,25.91157736,-80.13698501,8.2
2.86,28.79999924,4.48,25.9115807,-80.13698094,8.2
2.86,28.79999924,4.5,25.91158362,-80.13697708,8.2
2.86,28.79999924,4.49,25.91158653,-80.13697324,8.2
2.85,28.79999924,4.46,25.91158894,-80.13697038,8.2
2.85,28.79999924,4.48,25.91159269,-80.13696616,8.2
2.85,28.79999924,4.47,25.91159579,-80.1369624,8.2
2.84,28.79999924,4.46,25.91159924,-80.13695838,8.2
2.84,28.79999924,4.48,25.91160292,-80.13695425,8.2
2.85,28.79999924,4.48,25.91160596,-80.1369503,8.2
2.84,28.70000076,4.48,25.91160903,-80.13694671,8.21
2.85,28.70000076,4.46,25.91161227,-80.1369432,8.21
2.86,28.70000076,4.43,25.91161581,-80.13693993,8.2
2.86,28.70000076,4.43,25.91161955,-80.13693672,8.2
2.88,28.70000076,4.44,25.91162299,-80.13693404,8.21
2.88,28.70000076,4.44,25.91162639,-80.13693182,8.21
2.88,28.70000076,4.41,25.91163027,-80.13692921,8.2
2.89,28.70000076,4.38,25.91163388,-80.1369269,8.2
2.89,28.70000076,4.38,25.91163776,-80.13692466,8.2
2.89,28.70000076,4.35,25.91164202,-80.13692247,8.2
2.89,28.70000076,4.34,25.91164581,-80.13692056,8.2
2.89,28.70000076,4.34,25.91164962,-80.13691937,8.2
2.89,28.70000076,4.32,25.91165352,-80.13691792,8.2
2.9,28.70000076,4.3,25.91165762,-80.13691633,8.21
2.9,28.70000076,4.28,25.91166178,-80.13691485,8.21
2.9,28.70000076,4.26,25.91166612,-80.13691365,8.21
2.91,28.70000076,4.23,25.91167006,-80.13691245,8.21
2.92,28.70000076,4.22,25.91167397,-80.13691118,8.21
2.91,28.70000076,4.23,25.91167852,-80.13691009,8.21
2.91,28.70000076,4.21,25.91168243,-80.1369088,8.21
2.93,28.70000076,4.17,25.91168709,-80.13690734,8.21
2.93,28.70000076,4.14,25.91169126,-80.13690647,8.21
2.93,28.70000076,4.13,25.91169562,-80.1369055,8.21
2.95,28.70000076,4.13,25.91169983,-80.13690454,8.2
2.98,28.70000076,4.14,25.91170432,-80.13690384,8.2
2.98,28.70000076,4.11,25.91170938,-80.13690294,8.2
2.99,28.70000076,4.07,25.91171337,-80.13690278,8.2
3.0,28.70000076,4.04,25.91171785,-80.1369019,8.21
3.0,28.70000076,4.07,25.91172195,-80.13690102,8.21
3.0,28.70000076,4.06,25.91172737,-80.13689981,8.21
3.01,28.70000076,4.02,25.91173147,-80.13689875,8.21
3.03,28.70000076,3.99,25.91173558,-80.13689812,8.21
3.06,28.70000076,3.97,25.91173982,-80.13689819,8.22
3.06,28.70000076,3.98,25.91174433,-80.13689842,8.21
3.07,28.70000076,3.93,25.91174807,-80.13689932,8.21
3.07,28.70000076,3.95,25.91175177,-80.1369003,8.21
3.08,28.70000076,3.94,25.91175561,-80.13690172,8.21
3.1,28.70000076,3.93,25.91176052,-80.13690302,8.22
3.1,28.70000076,3.91,25.91176439,-80.1369045,8.22
3.1,28.70000076,3.93,25.91176843,-80.13690568,8.21
3.13,28.70000076,3.94,25.91177194,-80.1369066,8.21
3.13,28.70000076,3.9,25.91177639,-80.13690739,8.21
3.13,28.70000076,3.89,25.91178065,-80.13690833,8.21
3.14,28.70000076,3.87,25.91178468,-80.13690957,8.21
3.14,28.70000076,3.85,25.91178875,-80.13691112,8.21
3.15,28.70000076,3.84,25.91179303,-80.13691298,8.2
3.15,28.70000076,3.83,25.91179708,-80.1369147,8.21
3.15,28.70000076,3.82,25.91180109,-80.13691634,8.21
3.15,28.70000076,3.82,25.91180556,-80.13691857,8.21
3.17,28.70000076,3.82,25.91180903,-80.13692078,8.2
3.17,28.70000076,3.83,25.91181248,-80.13692343,8.2
3.17,28.70000076,3.84,25.91181697,-80.13692621,8.21
3.18,28.70000076,3.82,25.91182068,-80.13692887,8.21
3.19,28.70000076,3.82,25.91182468,-80.13693147,8.2
3.19,28.70000076,3.78,25.91182897,-80.13693382,8.2
3.2,28.70000076,3.8,25.91183338,-80.13693628,8.2
3.21,28.70000076,3.79,25.91183716,-80.13693826,8.2
3.21,28.70000076,3.77,25.91184079,-80.13694075,8.2
3.21,28.70000076,3.77,25.91184516,-80.13694325,8.2
3.22,28.70000076,3.79,25.91184928,-80.13694548,8.2
3.23,28.70000076,3.81,25.91185247,-80.13694856,8.2
3.21,28.60000038,3.83,25.91185579,-80.13695224,8.21
3.22,28.70000076,3.84,25.91185806,-80.13695617,8.2
3.25,28.60000038,3.84,25.9118604,-80.13696001,8.2
3.25,28.60000038,3.84,25.91186333,-80.13696483,8.2
3.25,28.60000038,3.86,25.91186628,-80.13696934,8.2
3.26,28.60000038,3.89,25.91186867,-80.13697317,8.2
3.26,28.60000038,3.9,25.9118709,-80.13697835,8.2
3.27,28.60000038,3.92,25.91187309,-80.13698293,8.2
3.27,28.60000038,3.93,25.91187492,-80.13698759,8.2
3.27,28.60000038,3.92,25.91187667,-80.1369915,8.2
3.26,28.60000038,3.95,25.91187817,-80.13699667,8.2
3.26,28.60000038,3.94,25.91188059,-80.13700173,8.2
3.27,28.60000038,3.96,25.9118824,-80.13700641,8.19
3.27,28.60000038,3.98,25.91188368,-80.13701119,8.2
3.26,28.60000038,3.99,25.9118852,-80.13701576,8.2
3.26,28.60000038,3.99,25.9118867,-80.13702119,8.2
3.26,28.60000038,4.01,25.91188765,-80.13702552,8.2
3.25,28.60000038,4.02,25.91188849,-80.13703087,8.2
3.25,28.60000038,4.08,25.91188949,-80.13703595,8.2
3.23,28.60000038,4.07,25.91189048,-80.13704111,8.19
3.23,28.60000038,4.08,25.91189096,-80.1370462,8.19
3.23,28.60000038,4.12,25.91189209,-80.13705095,8.19
3.22,28.60000038,4.12,25.91189315,-80.13705658,8.2
3.22,28.60000038,4.13,25.91189408,-80.13706124,8.19
3.22,28.60000038,4.18,25.91189436,-80.13706604,8.19
3.21,28.60000038,4.18,25.91189452,-80.13707159,8.19
3.19,28.60000038,4.17,25.9118945,-80.13707645,8.19
3.17,28.60000038,4.21,25.91189465,-80.13708056,8.19
3.15,28.60000038,4.21,25.91189416,-80.1370858,8.19
3.14,28.60000038,4.23,25.91189415,-80.13709065,8.19
3.13,28.60000038,4.24,25.91189413,-80.13709578,8.19
3.11,28.60000038,4.27,25.91189398,-80.13710064,8.19
3.1,28.60000038,4.27,25.91189383,-80.1371056,8.19
3.08,28.60000038,4.28,25.91189353,-80.13711056,8.19
3.07,28.60000038,4.27,25.91189352,-80.1371154,8.19
3.06,28.60000038,4.27,25.9118939,-80.13712072,8.19
3.04,28.60000038,4.29,25.91189412,-80.13712556,8.19
3.04,28.60000038,4.32,25.91189444,-80.13713006,8.19
3.03,28.60000038,4.32,25.91189443,-80.13713488,8.19
3.02,28.60000038,4.3,25.9118946,-80.13714004,8.19
3.01,28.60000038,4.25,25.91189509,-80.1371447,8.19
2.99,28.60000038,4.28,25.91189547,-80.13714989,8.18
2.98,28.60000038,4.29,25.91189551,-80.13715505,8.18
2.96,28.60000038,4.32,25.91189562,-80.13716016,8.18
2.94,28.60000038,4.34,25.91189578,-80.1371651,8.18
2.94,28.60000038,4.29,25.91189628,-80.13717011,8.19
2.92,28.60000038,4.31,25.91189628,-80.13717474,8.18
2.9,28.60000038,4.32,25.91189657,-80.13717992,8.18
2.87,28.60000038,4.32,25.91189675,-80.13718512,8.19
2.85,28.60000038,4.29,25.91189712,-80.1371901,8.19
2.84,28.60000038,4.3,25.91189741,-80.13719423,8.18
2.84,28.60000038,4.28,25.91189755,-80.13719951,8.18
2.83,28.60000038,4.25,25.91189774,-80.13720431,8.18
2.82,28.60000038,4.2,25.9118982,-80.13720873,8.19
2.81,28.60000038,4.2,25.91189836,-80.13721355,8.18
2.8,28.60000038,4.21,25.91189851,-80.13721896,8.18
2.79,28.60000038,4.18,25.91189873,-80.13722404,8.19
2.78,28.60000038,4.14,25.91189876,-80.1372288,8.19
2.77,28.60000038,4.11,25.91189899,-80.13723406,8.19
2.76,28.60000038,4.14,25.91189937,-80.13723956,8.18
2.74,28.60000038,4.15,25.91189995,-80.1372448,8.18
2.73,28.60000038,4.11,25.91190044,-80.13724981,8.19
2.72,28.60000038,4.04,25.91190107,-80.13725457,8.19
2.72,28.60000038,4.01,25.91190174,-80.1372594,8.19
2.72,28.60000038,4.0,25.91190238,-80.1372642,8.18
2.72,28.60000038,3.99,25.91190306,-80.13726919,8.18
2.72,28.60000038,3.98,25.91190388,-80.13727404,8.19
2.72,28.60000038,3.97,25.91190462,-80.137279,8.19
2.72,28.60000038,3.98,25.91190529,-80.137284,8.19
2.72,28.60000038,3.94,25.91190604,-80.1372892,8.18
2.72,28.60000038,3.92,25.91190673,-80.1372935,8.19
2.72,28.60000038,3.89,25.91190796,-80.13729887,8.19
2.73,28.60000038,3.84,25.911909,-80.13730369,8.19
2.73,28.60000038,3.82,25.91191022,-80.13730813,8.19
2.73,28.60000038,3.82,25.9119115,-80.13731269,8.19
2.73,28.60000038,3.8,25.91191267,-80.1373172,8.19
2.73,28.60000038,3.78,25.91191384,-80.13732152,8.19
2.74,28.60000038,3.79,25.91191518,-80.13732611,8.2
2.75,28.60000038,3.73,25.91191676,-80.13733159,8.19
2.75,28.60000038,3.71,25.91191829,-80.13733662,8.19
2.77,28.60000038,3.69,25.91191978,-80.13734118,8.2
2.79,28.60000038,3.7,25.91192153,-80.13734622,8.2
2.79,28.60000038,3.67,25.91192341,-80.13735113,8.2
2.8,28.60000038,3.65,25.91192486,-80.13735582,8.2
2.82,28.60000038,3.63,25.91192671,-80.1373603,8.2
2.84,28.70000076,3.61,25.91192851,-80.13736551,8.2
2.84,28.70000076,3.57,25.91193008,-80.13737009,8.2
2.85,28.70000076,3.56,25.91193179,-80.13737431,8.2
2.88,28.70000076,3.54,25.91193402,-80.13737845,8.2
2.88,28.70000076,3.53,25.9119367,-80.13738312,8.2
2.89,28.70000076,3.53,25.91193912,-80.13738695,8.2
2.91,28.70000076,3.5,25.91194162,-80.13739059,8.2
2.91,28.70000076,3.47,25.91194444,-80.13739422,8.2
2.92,28.70000076,3.46,25.91194778,-80.13739778,8.2
2.93,28.70000076,3.43,25.91195115,-80.13740135,8.2
2.93,28.70000076,3.41,25.91195457,-80.13740513,8.2
2.94,28.70000076,3.4,25.91195743,-80.13740815,8.2
2.94,28.70000076,3.38,25.9119608,-80.13741135,8.2
2.96,28.70000076,3.35,25.91196462,-80.13741457,8.2
2.96,28.70000076,3.34,25.91196845,-80.13741799,8.2
2.96,28.70000076,3.32,25.91197193,-80.13742118,8.2
2.97,28.70000076,3.33,25.91197565,-80.13742395,8.2
2.97,28.70000076,3.32,25.91197932,-80.13742654,8.2
2.99,28.70000076,3.28,25.9119829,-80.13742908,8.2
3.0,28.70000076,3.29,25.9119864,-80.13743172,8.2
3.0,28.70000076,3.27,25.91199093,-80.13743493,8.2
3.0,28.70000076,3.26,25.91199393,-80.13743747,8.2
3.03,28.70000076,3.25,25.91199782,-80.13744003,8.21
3.03,28.70000076,3.25,25.91200177,-80.13744318,8.21
3.04,28.70000076,3.24,25.91200559,-80.13744582,8.2
3.03,28.70000076,3.22,25.91200951,-80.13744787,8.2
3.03,28.70000076,3.25,25.91201332,-80.13744939,8.2
3.04,28.70000076,3.25,25.91201743,-80.13745065,8.2
3.06,28.70000076,3.24,25.91202163,-80.13745127,8.2
3.06,28.70000076,3.2,25.91202566,-80.13745159,8.2
3.06,28.70000076,3.31,25.91202961,-80.1374512,8.2
3.06,28.70000076,3.31,25.91203437,-80.13745071,8.2
3.06,28.70000076,3.31,25.91203924,-80.13745018,8.2
3.06,28.70000076,3.34,25.91204303,-80.13744925,8.2
3.08,28.70000076,3.35,25.91204771,-80.13744824,8.2
3.08,28.70000076,3.35,25.91205184,-80.13744725,8.2
3.09,28.70000076,3.36,25.91205655,-80.1374458,8.2
3.09,28.70000076,3.37,25.9120615,-80.1374446,8.2
3.11,28.70000076,3.4,25.91206622,-80.13744349,8.19
3.11,28.70000076,3.46,25.91207089,-80.13744247,8.19
3.1,28.70000076,3.47,25.91207555,-80.13744089,8.19
3.14,28.70000076,3.48,25.91208058,-80.13743955,8.2
3.14,28.70000076,3.5,25.91208527,-80.13743794,8.2
3.15,28.70000076,3.52,25.91208967,-80.13743608,8.2
3.15,28.70000076,3.58,25.91209418,-80.13743444,8.19
3.15,28.70000076,3.59,25.91209837,-80.13743257,8.19
3.15,28.70000076,3.63,25.91210236,-80.1374303,8.19
3.14,28.70000076,3.63,25.91210662,-80.13742798,8.2
3.13,28.70000076,3.61,25.91211051,-80.13742542,8.19
3.13,28.70000076,3.69,25.91211494,-80.13742281,8.19
3.13,28.70000076,3.69,25.91211906,-80.13741977,8.19
3.13,28.70000076,3.7,25.91212284,-80.13741704,8.19
3.14,28.70000076,3.72,25.91212656,-80.13741468,8.19
3.13,28.70000076,3.76,25.91213092,-80.13741151,8.19
3.13,28.70000076,3.8,25.91213467,-80.13740861,8.19
3.13,28.70000076,3.81,25.91213816,-80.13740537,8.19
3.12,28.70000076,3.84,25.91214203,-80.13740204,8.19
3.12,28.70000076,3.82,25.91214557,-80.13739879,8.19
3.11,28.70000076,3.86,25.91214941,-80.1373954,8.19
3.1,28.70000076,3.93,25.91215319,-80.13739209,8.19
3.1,28.70000076,3.94,25.9121571,-80.13738843,8.19
3.1,28.70000076,3.94,25.91216033,-80.13738495,8.19
3.09,28.70000076,3.98,25.91216305,-80.1373819,8.18
3.09,28.70000076,3.98,25.91216649,-80.13737797,8.18
3.08,28.70000076,4.03,25.91216992,-80.1373742,8.18
3.07,28.70000076,4.01,25.91217294,-80.13737047,8.19
3.07,28.70000076,3.99,25.91217618,-80.13736653,8.19
3.06,28.70000076,4.02,25.91217925,-80.13736193,8.19
3.04,28.70000076,4.08,25.91218189,-80.13735857,8.18
3.04,28.70000076,4.07,25.91218454,-80.13735516,8.18
3.03,28.70000076,4.07,25.91218811,-80.13735052,8.18
3.0,28.70000076,4.06,25.91219096,-80.13734699,8.19
2.97,28.70000076,4.06,25.91219416,-80.13734276,8.18
2.97,28.70000076,4.05,25.91219715,-80.13733932,8.18
2.95,28.70000076,4.05,25.91219982,-80.13733629,8.18
2.94,28.70000076,4.05,25.91220255,-80.13733346,8.18
2.93,28.70000076,4.05,25.9122059,-80.13733083,8.18
2.89,28.70000076,4.03,25.91220978,-80.13732755,8.18
2.89,28.70000076,4.01,25.91221304,-80.13732504,8.18
2.88,28.70000076,3.99,25.91221643,-80.13732263,8.18
2.85,28.60000038,3.89,25.9122202,-80.13731994,8.18
2.85,28.60000038,3.92,25.91222365,-80.13731765,8.18
2.83,28.60000038,3.94,25.91222685,-80.13731545,8.17
2.82,28.60000038,3.93,25.91223027,-80.13731391,8.17
2.81,28.60000038,3.9,25.9122338,-80.13731178,8.18
2.81,28.60000038,3.88,25.91223727,-80.13730975,8.18
2.8,28.60000038,3.86,25.91224066,-80.13730774,8.17
2.77,28.60000038,3.85,25.91224445,-80.13730514,8.17
2.77,28.60000038,3.83,25.9122485,-80.13730278,8.17
2.75,28.60000038,3.8,25.91225099,-80.13730206,8.18
2.75,28.60000038,3.77,25.91225412,-80.137301,8.18
2.75,28.60000038,3.76,25.91225731,-80.13730042,8.18
2.75,28.60000038,3.75,25.91226033,-80.13729967,8.17
2.74,28.60000038,3.73,25.91226317,-80.13729933,8.18
2.74,28.60000038,3.73,25.912267,-80.137298,8.18
2.73,28.60000038,3.7,25.91227113,-80.13729625,8.18
2.75,28.60000038,3.66,25.91227481,-80.13729475,8.18
2.75,28.60000038,3.63,25.912278,-80.137294,8.18
2.75,28.60000038,3.62,25.91228183,-80.137293,8.18
2.75,28.60000038,3.6,25.91228597,-80.13729137,8.18
2.75,28.60000038,3.57,25.91228991,-80.13728974,8.18
2.75,28.60000038,3.55,25.91229408,-80.13728774,8.18
2.76,28.60000038,3.52,25.91229767,-80.13728633,8.18
2.76,28.60000038,3.52,25.91230282,-80.13728404,8.18
2.76,28.60000038,3.48,25.91230675,-80.13728224,8.18
2.76,28.60000038,3.46,25.91231026,-80.13728043,8.18
2.76,28.60000038,3.46,25.91231469,-80.13727839,8.18
2.77,28.60000038,3.45,25.91231889,-80.13727688,8.18
2.79,28.60000038,3.42,25.91232442,-80.13727481,8.18
2.79,28.60000038,3.39,25.91232768,-80.13727477,8.18
2.8,28.60000038,3.35,25.91233187,-80.13727499,8.18
2.79,28.5,3.34,25.91233609,-80.13727565,8.18
2.81,28.5,3.38,25.91234031,-80.13727621,8.18
2.82,28.60000038,3.34,25.91234436,-80.13727705,8.19
2.83,28.60000038,3.29,25.91235187,-80.13727857,8.19
2.83,28.5,3.29,25.91235678,-80.13728109,8.18
2.85,28.5,3.26,25.91236091,-80.13728235,8.18
2.86,28.5,3.24,25.91236575,-80.13728332,8.19
2.85,28.5,3.23,25.91236996,-80.13728455,8.18
2.88,28.5,3.19,25.91237412,-80.13728604,8.19
2.88,28.5,3.19,25.91237822,-80.1372873,8.18
2.89,28.5,3.15,25.91238221,-80.13728897,8.18
2.89,28.5,3.15,25.91238563,-80.13729162,8.18
2.91,28.5,3.13,25.91238988,-80.13729364,8.18
2.92,28.5,3.12,25.91239405,-80.13729517,8.18
2.92,28.5,3.1,25.91239949,-80.13729599,8.18
2.93,28.5,3.07,25.91240497,-80.13729735,8.18
2.94,28.5,3.05,25.91241004,-80.13729869,8.18
2.95,28.5,3.04,25.91241379,-80.13730127,8.18
2.95,28.5,3.03,25.91241779,-80.13730378,8.18
2.97,28.5,3.04,25.91242184,-80.13730662,8.18
2.96,28.5,3.1,25.91242364,-80.13731117,8.18
2.95,28.5,3.12,25.91242613,-80.13731532,8.18
2.96,28.5,3.16,25.91242897,-80.13731968,8.18
2.96,28.5,3.2,25.91243201,-80.13732469,8.18
2.96,28.5,3.2,25.91243498,-80.13732921,8.18
2.97,28.5,3.21,25.91243769,-80.13733289,8.18
2.97,28.5,3.23,25.91244044,-80.13733642,8.18
2.96,28.5,3.25,25.91244258,-80.13734129,8.18
2.96,28.39999962,3.28,25.91244536,-80.13734565,8.17
2.95,28.39999962,3.28,25.91244771,-80.13735051,8.17
2.95,28.39999962,3.34,25.91244915,-80.13735515,8.17
2.93,28.39999962,3.35,25.91245049,-80.13735999,8.17
2.94,28.39999962,3.37,25.91245227,-80.13736535,8.18
2.93,28.5,3.4,25.91245368,-80.13737017,8.17
2.92,28.5,3.43,25.91245514,-80.13737542,8.17
2.91,28.5,3.42,25.9124565,-80.13738043,8.17
2.89,28.5,3.45,25.9124576,-80.13738553,8.18
2.89,28.5,3.45,25.91245876,-80.13739046,8.18
2.87,28.5,3.48,25.91246005,-80.13739598,8.17
2.86,28.5,3.5,25.91246174,-80.13740102,8.17
2.85,28.5,3.52,25.91246305,-80.13740544,8.18
2.83,28.5,3.54,25.91246371,-80.13740999,8.18
2.83,28.5,3.55,25.91246486,-80.13741402,8.18
2.82,28.5,3.56,25.91246521,-80.13741993,8.17
2.8,28.5,3.57,25.91246589,-80.13742498,8.18
2.8,28.5,3.58,25.91246651,-80.13742985,8.18
2.8,28.5,3.59,25.91246668,-80.13743478,8.18
2.79,28.5,3.59,25.91246696,-80.13743976,8.18
2.79,28.5,3.62,25.91246685,-80.13744565,8.18
2.79,28.5,3.66,25.91246687,-80.13745118,8.18
2.78,28.5,3.69,25.91246744,-80.13745646,8.18
2.78,28.5,3.68,25.91246786,-80.13746085,8.18
2.76,28.5,3.7,25.91246847,-80.13746657,8.18
2.76,28.5,3.7,25.91246844,-80.13747143,8.18
2.77,28.5,3.71,25.91246894,-80.13747679,8.18
2.77,28.5,3.72,25.91246906,-80.13748147,8.18
2.77,28.5,3.74,25.91246942,-80.13748652,8.18
2.76,28.5,3.76,25.91247028,-80.13749113,8.18
2.77,28.5,3.75,25.91247072,-80.13749577,8.18
2.77,28.5,3.77,25.91247124,-80.13750058,8.18
2.76,28.5,3.77,25.9124721,-80.13750556,8.18
2.76,28.5,3.77,25.9124725,-80.13751035,8.18
2.76,28.5,3.75,25.91247325,-80.13751564,8.18
2.76,28.5,3.76,25.91247418,-80.13752012,8.17
2.77,28.5,3.77,25.91247469,-80.13752436,8.18
2.76,28.5,3.78,25.91247563,-80.13752818,8.18
2.76,28.5,3.8,25.91247597,-80.13753345,8.18
2.76,28.5,3.81,25.91247656,-80.13753896,8.18
2.76,28.5,3.82,25.91247704,-80.13754352,8.18
2.76,28.5,3.75,25.91247761,-80.13754816,8.18
2.75,28.5,3.7,25.91247811,-80.1375529,8.18
2.76,28.5,3.77,25.91247826,-80.13755851,8.17
2.77,28.5,3.79,25.91247811,-80.13756351,8.17
2.77,28.5,3.77,25.91247824,-80.13756891,8.17
2.8,28.5,3.77,25.91247845,-80.1375744,8.18
2.81,28.5,3.75,25.9124788,-80.13757948,8.17
2.81,28.5,3.77,25.91247917,-80.13758422,8.17
2.82,28.5,3.76,25.91247955,-80.13758897,8.17
2.83,28.5,3.74,25.91248007,-80.13759403,8.17
2.83,28.5,3.71,25.91248065,-80.13759924,8.17
2.85,28.5,3.69,25.91248111,-80.1376044,8.17
2.85,28.5,3.69,25.91248178,-80.13760901,8.17
2.85,28.5,3.68,25.91248217,-80.13761398,8.17
2.86,28.5,3.66,25.91248297,-80.13761858,8.17
2.86,28.5,3.63,25.91248415,-80.13762321,8.17
2.86,28.5,3.62,25.91248534,-80.13762709,8.17
2.87,28.5,3.62,25.91248641,-80.13763198,8.17
2.87,28.5,3.58,25.91248743,-80.13763656,8.17
2.88,28.5,3.57,25.91248855,-80.13764107,8.17
2.87,28.5,3.54,25.91248981,-80.1376464,8.17
2.87,28.5,3.51,25.91249109,-80.13765163,8.17
2.88,28.5,3.5,25.9124929,-80.13765619,8.17
2.88,28.5,3.48,25.91249438,-80.13766038,8.17
2.88,28.5,3.44,25.91249582,-80.13766521,8.18
2.88,28.5,3.38,25.91249712,-80.13766974,8.18
2.87,28.5,3.36,25.91249877,-80.13767439,8.18
2.87,28.5,3.32,25.91250068,-80.13767901,8.18
2.87,28.5,3.29,25.91250213,-80.1376837,8.18
2.87,28.5,3.27,25.91250382,-80.13768905,8.18
2.89,28.5,3.22,25.91250561,-80.13769336,8.18
2.89,28.5,3.2,25.9125075,-80.13769821,8.18
2.9,28.5,3.17,25.91250937,-80.1377026,8.18
2.91,28.5,3.12,25.91251192,-80.13770681,8.18
2.91,28.5,3.08,25.91251459,-80.13771066,8.18
2.91,28.5,3.11,25.91251727,-80.13771447,8.18
2.91,28.5,3.07,25.91252009,-80.13771812,8.18
2.92,28.60000038,3.01,25.91252309,-80.13772156,8.18
2.92,28.60000038,3.05,25.91252654,-80.13772509,8.18
2.92,28.60000038,3.03,25.91253055,-80.13772966,8.18
2.93,28.60000038,2.97,25.91253413,-80.13773333,8.19
2.93,28.60000038,2.94,25.91253718,-80.13773658,8.19
2.93,28.60000038,2.94,25.91254112,-80.13774057,8.18
2.93,28.5,2.92,25.91254461,-80.13774434,8.18
2.93,28.5,2.87,25.91254826,-80.13774748,8.18
2.95,28.60000038,2.88,25.91255254,-80.1377513,8.19
2.95,28.60000038,2.85,25.9125563,-80.13775446,8.19
2.95,28.60000038,2.83,25.91255985,-80.13775818,8.19
2.95,28.60000038,2.8,25.9125637,-80.13776201,8.19
2.95,28.60000038,2.76,25.91256813,-80.13776554,8.19
2.95,28.60000038,2.76,25.91257242,-80.13776836,8.19
2.96,28.60000038,2.74,25.91257672,-80.13777122,8.19
2.96,28.60000038,2.73,25.91258091,-80.13777449,8.19
2.97,28.60000038,2.71,25.91258499,-80.13777796,8.19
2.97,28.60000038,2.67,25.91258947,-80.13778092,8.19
2.97,28.60000038,2.64,25.91259407,-80.13778366,8.19
2.97,28.60000038,2.63,25.91259852,-80.13778772,8.19
2.97,28.60000038,2.64,25.91260307,-80.13779191,8.19
2.98,28.60000038,2.59,25.91260676,-80.13779571,8.19
2.98,28.60000038,2.56,25.91261063,-80.13779876,8.19
3.0,28.60000038,2.54,25.91261474,-80.1378022,8.19
2.99,28.60000038,2.55,25.91261895,-80.13780542,8.19
2.99,28.60000038,2.49,25.91262373,-80.13780776,8.19
2.99,28.60000038,2.46,25.91262848,-80.13781018,8.19
3.0,28.60000038,2.38,25.91263253,-80.13781281,8.19
3.0,28.60000038,2.45,25.91263796,-80.13781593,8.19
3.0,28.60000038,2.4,25.91264204,-80.13781915,8.19
2.99,28.60000038,2.4,25.91264639,-80.13782196,8.19
2.99,28.60000038,2.44,25.91265088,-80.1378247,8.18
2.99,28.60000038,2.39,25.91265545,-80.13782776,8.18
2.99,28.60000038,2.42,25.91266041,-80.13782866,8.19
2.98,28.60000038,2.39,25.9126647,-80.13783083,8.19
2.98,28.70000076,2.38,25.91266924,-80.13783313,8.19
2.98,28.70000076,2.36,25.91267474,-80.13783537,8.19
2.98,28.60000038,2.32,25.91267936,-80.13783725,8.19
2.96,28.60000038,2.3,25.91268369,-80.13784001,8.19
2.96,28.60000038,2.21,25.91268738,-80.13784229,8.19
2.95,28.70000076,1.99,25.91269242,-80.13784427,8.19
2.93,28.70000076,2.12,25.9126964,-80.13784553,8.19
2.92,28.70000076,2.22,25.91270001,-80.13784799,8.19
2.92,28.70000076,2.24,25.91270381,-80.13785047,8.19
2.92,28.60000038,2.25,25.91270767,-80.13785283,8.19
2.92,28.60000038,2.26,25.912711,-80.13785467,8.19
2.9,28.60000038,2.25,25.912714,-80.1378555,8.19
2.9,28.60000038,2.22,25.91271683,-80.13785667,8.19
2.9,28.60000038,2.18,25.91271967,-80.13785833,8.19
2.88,28.60000038,2.17,25.91272282,-80.13785846,8.19
2.88,28.70000076,2.21,25.91272463,-80.13785996,8.19
2.89,28.60000038,2.2,25.91272678,-80.13786095,8.19
2.88,28.60000038,2.22,25.91272893,-80.13786277,8.19
2.88,28.60000038,2.27,25.91273107,-80.13786327,8.19
2.88,28.60000038,2.34,25.91273239,-80.13786559,8.19
2.88,28.60000038,2.38,25.91273405,-80.13786673,8.19
2.87,28.60000038,2.45,25.91273574,-80.13786827,8.18
2.86,28.60000038,2.49,25.91273755,-80.13786858,8.19
2.86,28.60000038,2.54,25.91273873,-80.13786957,8.19
2.86,28.60000038,2.63,25.91273968,-80.13787069,8.19
2.86,28.60000038,2.67,25.912741,-80.13787118,8.19
2.86,28.60000038,2.7,25.91274216,-80.13787268,8.19
2.85,28.60000038,2.72,25.91274365,-80.13787284,8.19
2.85,28.60000038,2.73,25.91274483,-80.13787367,8.19
2.84,28.60000038,2.77,25.91274595,-80.13787433,8.19
2.84,28.60000038,2.79,25.9127471,-80.13787415,8.19
2.84,28.60000038,2.79,25.91274827,-80.13787447,8.19
2.83,28.60000038,2.78,25.91274909,-80.13787497,8.19
2.84,28.60000038,2.76,25.91274993,-80.13787563,8.19
2.86,28.60000038,2.75,25.91275056,-80.13787613,8.19
2.86,28.60000038,2.74,25.91275088,-80.13787746,8.19
2.86,28.60000038,2.74,25.91275147,-80.13787794,8.19
2.86,28.60000038,2.7,25.91275196,-80.13787894,8.19
2.86,28.60000038,2.69,25.9127523,-80.1378796,8.19
2.86,28.60000038,2.69,25.91275278,-80.13787991,8.19
2.86,28.60000038,2.58,25.91275325,-80.13788007,8.19
2.84,28.60000038,2.56,25.91275399,-80.13787976,8.19
2.84,28.60000038,2.56,25.91275481,-80.13787843,8.19
2.84,28.60000038,2.57,25.91275564,-80.1378761,8.19
2.85,28.60000038,2.58,25.91275587,-80.13787655,8.19
2.85,28.60000038,2.6,25.91275638,-80.13787656,8.2
2.85,28.60000038,2.59,25.91275686,-80.1378777,8.19
2.85,28.60000038,2.58,25.91275701,-80.13787787,8.2
2.85,28.60000038,2.56,25.91275749,-80.13787802,8.2
2.85,28.60000038,2.56,25.91275797,-80.13787702,8.2
2.84,28.60000038,2.54,25.91275829,-80.13787702,8.2
2.84,28.60000038,2.57,25.91275883,-80.13787679,8.2
2.84,28.60000038,2.56,25.91275931,-80.13787611,8.2
2.84,28.60000038,2.51,25.91275979,-80.13787627,8.2
2.85,28.60000038,2.54,25.91276045,-80.13787561,8.2
2.85,28.60000038,2.52,25.91276093,-80.13787461,8.2
2.84,28.60000038,2.56,25.91276125,-80.13787393,8.2
2.84,28.60000038,2.55,25.91276107,-80.13787444,8.2
2.84,28.60000038,2.56,25.91276107,-80.13787496,8.2
2.84,28.60000038,2.58,25.91276093,-80.13787392,8.2
2.84,28.60000038,2.57,25.91276057,-80.13787407,8.2
2.84,28.60000038,2.58,25.91276055,-80.13787295,8.2
2.84,28.60000038,2.61,25.91276054,-80.1378723,8.2
2.84,28.60000038,2.58,25.91276054,-80.13787147,8.2
2.83,28.60000038,2.59,25.91276036,-80.13787047,8.2
2.83,28.60000038,2.57,25.91276017,-80.13786946,8.2
2.83,28.60000038,2.56,25.91276048,-80.13786827,8.2
2.83,28.60000038,2.56,25.91276062,-80.13786688,8.19
2.83,28.60000038,2.53,25.91276077,-80.13786638,8.19
2.83,28.60000038,2.54,25.9127609,-80.1378667,8.2
2.82,28.60000038,2.57,25.91276092,-80.13786721,8.2
2.82,28.60000038,2.52,25.91276146,-80.13786602,8.2
2.83,28.60000038,2.69,25.91276266,-80.13786568,8.2
2.82,28.60000038,2.65,25.91276257,-80.13786369,8.19
2.82,28.60000038,2.67,25.91276259,-80.13786283,8.19
2.82,28.60000038,2.71,25.91276304,-80.13786069,8.2
2.82,28.60000038,2.72,25.91276234,-80.13786012,8.19
2.82,28.60000038,2.71,25.91276218,-80.13785983,8.19
2.82,28.60000038,2.72,25.91276212,-80.13785982,8.19
2.81,28.60000038,2.71,25.91276159,-80.13785963,8.2
2.81,28.60000038,2.72,25.91276108,-80.13785916,8.2
2.81,28.60000038,2.75,25.91276202,-80.13785706,8.2
2.81,28.60000038,2.75,25.91276181,-80.13785656,8.2
2.82,28.60000038,2.76,25.91276095,-80.1378569,8.2
2.82,28.60000038,2.75,25.91276143,-80.13785505,8.2
2.82,28.60000038,2.75,25.91276207,-80.13785325,8.2
2.82,28.60000038,2.82,25.91276192,-80.13785193,8.2
2.82,28.60000038,2.83,25.91276274,-80.13785063,8.2
2.82,28.60000038,2.56,25.91276119,-80.13785181,8.2
2.8,28.60000038,2.85,25.91276136,-80.13785491,8.2
2.8,28.60000038,2.09,25.91276109,-80.13786121,8.2
2.8,28.60000038,2.66,25.91275755,-80.13786423,8.19
2.81,28.60000038,2.63,25.91275666,-80.13786684,8.19
2.81,28.60000038,2.63,25.91275497,-80.13786989,8.19
2.81,28.60000038,2.72,25.91275363,-80.1378724,8.2
2.8,28.60000038,2.29,25.91275345,-80.13787433,8.19
2.8,28.60000038,2.4,25.91275223,-80.13787538,8.19
2.81,28.60000038,1.48,25.91275226,-80.13787499,8.19
3.18,28.60000038,1.48,25.91275475,-80.13787555,8.2
2.84,28.60000038,2.59,25.91275441,-80.13787159,8.2
2.84,28.60000038,2.63,25.91275573,-80.1378751,8.2
2.81,28.60000038,2.75,25.91275731,-80.13787581,8.19
2.82,28.60000038,2.68,25.91276014,-80.13787712,8.19
2.82,28.60000038,2.68,25.91276077,-80.13787968,8.19
2.8,28.60000038,2.62,25.91276014,-80.13788199,8.19
2.81,28.60000038,2.64,25.91275958,-80.13788213,8.2
2.81,28.60000038,2.69,25.91276023,-80.13788156,8.2
2.81,28.60000038,2.65,25.91275992,-80.13788287,8.2
